{
  "Agaricus": {
    "precision": 0.8205128205128205,
    "recall": 0.6037735849056604,
    "f1-score": 0.6956521739130435,
    "support": 53.0
  },
  "Amanita": {
    "precision": 0.9230769230769231,
    "recall": 0.7433628318584071,
    "f1-score": 0.8235294117647058,
    "support": 113.0
  },
  "Boletus": {
    "precision": 0.9896907216494846,
    "recall": 0.5962732919254659,
    "f1-score": 0.7441860465116279,
    "support": 161.0
  },
  "Cortinarius": {
    "precision": 0.9130434782608695,
    "recall": 0.3333333333333333,
    "f1-score": 0.4883720930232558,
    "support": 126.0
  },
  "Entoloma": {
    "precision": 0.9354838709677419,
    "recall": 0.5370370370370371,
    "f1-score": 0.6823529411764706,
    "support": 54.0
  },
  "Hygrocybe": {
    "precision": 0.6338028169014085,
    "recall": 0.9574468085106383,
    "f1-score": 0.7627118644067796,
    "support": 47.0
  },
  "Lactarius": {
    "precision": 0.9736842105263158,
    "recall": 0.1574468085106383,
    "f1-score": 0.27106227106227104,
    "support": 235.0
  },
  "Russula": {
    "precision": 0.7168674698795181,
    "recall": 0.6878612716763006,
    "f1-score": 0.7020648967551623,
    "support": 173.0
  },
  "Suillus": {
    "precision": 0.8620689655172413,
    "recall": 0.5434782608695652,
    "f1-score": 0.6666666666666666,
    "support": 46.0
  },
  "otras": {
    "precision": 0.0,
    "recall": 0.0,
    "f1-score": 0.0,
    "support": 0.0
  },
  "accuracy": 0.5049603174603174,
  "macro avg": {
    "precision": 0.7768231277292323,
    "recall": 0.5160013228627046,
    "f1-score": 0.5836598365279984,
    "support": 1008.0
  },
  "weighted avg": {
    "precision": 0.8878694958775462,
    "recall": 0.5049603174603174,
    "f1-score": 0.5950349899917627,
    "support": 1008.0
  }
}